rider_id,name,city,joined_on
R001,Ravi Kumar,Bengaluru,2024-01-01
R002,Suresh Yadav,Bengaluru,2025-02-08
R003,Imran Khan,Bengaluru,2024-03-15
R004,Manjunath S,Bengaluru,2025-04-22
R005,Arjun Reddy,Bengaluru,2024-05-02
R006,Vikram Singh,Bengaluru,2025-06-09
R007,Mohammed Rafiq,Bengaluru,2024-07-16
R008,Santosh Patil,Bengaluru,2025-08-23
R009,Deepak Sharma,Bengaluru,2024-09-03
R010,Naveen Gowda,Bengaluru,2025-10-10
R011,Rahul Verma,Hyderabad,2024-11-17
R012,Abdul Salam,Hyderabad,2025-12-24
R013,Kiran Naik,Hyderabad,2024-01-04
R014,Prakash Rao,Hyderabad,2025-02-11
R015,Sunil Das,Hyderabad,2024-03-18
R016,Anil Chauhan,Hyderabad,2025-04-25
R017,Ramesh Babu,Hyderabad,2024-05-05
R018,Faizan Ahmed,Hyderabad,2025-06-12
R019,Harish K,Hyderabad,2024-07-19
R020,Venkatesh M,Hyderabad,2025-08-26
R021,Sandeep Kulkarni,Bengaluru,2024-09-06
R022,Ajay Thakur,Bengaluru,2025-10-13
R023,Srinivas P,Bengaluru,2024-11-20
R024,Mahesh Jadhav,Bengaluru,2025-12-27
R025,Irfan Shaikh,Bengaluru,2024-01-07
R026,Gopal Krishna,Bengaluru,2025-02-14
R027,Nitin More,Bengaluru,2024-03-21
R028,Sameer Pathan,Bengaluru,2025-04-01
R029,Rohit Pawar,Bengaluru,2024-05-08
R030,Lokesh B,Bengaluru,2025-06-15
R031,Amit Deshmukh,Pune,2024-07-22
R032,Sachin Shinde,Pune,2025-08-02
R033,Yusuf Ali,Bengaluru,2024-09-09
R034,Pradeep N,Bengaluru,2025-10-16
R035,Karthik R,Bengaluru,2024-11-23
R036,Vinod Mishra,Bengaluru,2025-12-03
R037,Tejas Joshi,Bengaluru,2024-01-10
R038,Shivraj Bhosale,Pune,2025-02-17
R039,Akash Gaikwad,Pune,2024-03-24
R040,Omkar Salunkhe,Pune,2025-04-04
